날짜,종목코드,시가,고가,저가,종가,출처
2025-06-30,000150,470000,699500,468000,656000,Naver
2025-06-30,000270,88400,104500,88100,96900,Naver
2025-06-30,000660,205000,298500,203000,292000,Naver
2025-06-30,000720,61900,85100,61800,78500,Naver
2025-06-30,000810,400000,466000,386000,434000,Naver
2025-06-30,000880,73500,104100,73200,94300,Naver
2025-06-30,001440,12780,18170,12580,17240,Naver
2025-06-30,003230,1125000,1414000,1077000,1395000,Naver
2025-06-30,003490,22500,24450,21050,22900,Naver
2025-06-30,003550,70800,91700,70800,79600,Naver
2025-06-30,003670,113506,133900,109241,126400,Naver
2025-06-30,005380,184600,221500,183100,203500,Naver
2025-06-30,005387,147600,166900,146000,158900,Naver
2025-06-30,005490,245500,272500,240500,261000,Naver
2025-06-30,005830,99000,126400,97000,123300,Naver
2025-06-30,005930,56300,61600,56200,59800,Naver
2025-06-30,005935,46100,51200,45900,49500,Naver
2025-06-30,005940,17250,21200,16890,19990,Naver
2025-06-30,006260,156900,201500,156000,197000,Naver
2025-06-30,006400,170000,182300,165900,172800,Naver
2025-06-30,006800,15701,25240,14965,21357,Naver
2025-06-30,007660,38100,53900,38000,52300,Naver
2025-06-30,009150,121500,144000,120200,134700,Naver
2025-06-30,009540,313500,398500,305000,366000,Naver
2025-06-30,010120,49700,64900,47900,59800,Naver
2025-06-30,010130,731000,909000,718000,819000,Naver
2025-06-30,010140,17060,18550,16050,16760,Naver
2025-06-30,010950,55300,66900,54500,59900,Naver
2025-06-30,011070,144700,156800,140100,147400,Naver
2025-06-30,011200,22350,25350,21550,22500,Naver
2025-06-30,012330,250500,302000,245000,287000,Naver
2025-06-30,012450,822000,987000,811000,848000,Naver
2025-06-30,015760,30550,41150,26700,39300,Naver
2025-06-30,016360,60300,79000,57800,73600,Naver
2025-06-30,017670,51500,57300,51500,56700,Naver
2025-06-30,018260,128900,198800,128900,169600,Naver
2025-06-30,024110,15670,18980,15250,18260,Naver
2025-06-30,028050,21500,24000,21100,22100,Naver
2025-06-30,028260,148300,174500,147900,161400,Naver
2025-06-30,030200,50600,56500,49400,55700,Naver
2025-06-30,032830,98900,133400,98100,127400,Naver
2025-06-30,033780,119200,128200,119200,127700,Naver
2025-06-30,034020,39300,72200,39300,68400,Naver
2025-06-30,034220,8530,9490,8280,8960,Naver
2025-06-30,034730,162100,209500,161100,204500,Naver
2025-06-30,035420,185800,295000,185500,262500,Naver
2025-06-30,035720,43200,71600,41050,60000,Naver
2025-06-30,036930,31500,33700,29550,31050,Naver
2025-06-30,039490,161800,240000,160100,229000,Naver
2025-06-30,042660,77600,95800,75000,79400,Naver
2025-06-30,042700,80300,109000,79800,102000,Naver
2025-06-30,047040,4275,4805,4120,4180,Naver
2025-06-30,047050,48750,55000,48100,49700,Naver
2025-06-30,047810,83700,101800,83000,89800,Naver
2025-06-30,051910,197500,218000,193900,211500,Naver
2025-06-30,055550,57600,62100,55000,61400,Naver
2025-06-30,064350,149600,220500,147300,196500,Naver
2025-06-30,064400,50200,100800,49600,75100,Naver
2025-06-30,066570,70800,78500,70600,73800,Naver
2025-06-30,068270,147079,157749,146528,152125,Naver
2025-06-30,069500,35770,42062,35680,41387,Naver
2025-06-30,071050,106900,148600,102400,139600,Naver
2025-06-30,079550,428000,650000,428000,540000,Naver
2025-06-30,086280,111900,141900,110200,134800,Naver
2025-06-30,086520,42900,50500,41000,45150,Naver
2025-06-30,086790,71300,86500,69100,86300,Naver
2025-06-30,096770,89600,123000,87000,122400,Naver
2025-06-30,102110,35728,41996,35623,41322,Naver
2025-06-30,105560,103700,114800,98600,110900,Naver
2025-06-30,122630,17375,23950,17315,23180,Naver
2025-06-30,133690,130043,136024,128539,135432,Naver
2025-06-30,138040,111000,116100,104800,112500,Naver
2025-06-30,161390,38350,41000,38000,39750,Naver
2025-06-30,180640,138300,157600,117400,118200,Naver
2025-06-30,196170,332500,416500,330500,372000,Naver
2025-06-30,207940,1505594,1542388,1457027,1459970,Naver
2025-06-30,247540,90300,108100,87600,100600,Naver
2025-06-30,259960,366500,385000,342500,363000,Naver
2025-06-30,267250,107500,140800,106700,129500,Naver
2025-06-30,267260,373500,516000,366500,507000,Naver
2025-06-30,272210,45500,70200,41550,58000,Naver
2025-06-30,277810,264000,321500,262000,280500,Naver
2025-06-30,278470,118400,159000,118100,154200,Naver
2025-06-30,278530,12845,15095,12810,14860,Naver
2025-06-30,298040,619000,910000,609000,891000,Naver
2025-06-30,307950,141400,191800,137800,170600,Naver
2025-06-30,316140,19130,22850,18640,22450,Naver
2025-06-30,323410,23150,38750,23150,30000,Naver
2025-06-30,329180,405500,476000,404500,428500,Naver
2025-06-30,352820,267000,316000,264500,309000,Naver
2025-06-30,360750,20081,20781,19868,20667,Naver
2025-06-30,373220,290500,306000,280500,297000,Naver
2025-06-30,379800,18338,18984,18151,18885,Naver
2025-06-30,379810,19480,20379,19252,20299,Naver
2025-06-30,396500,9682,12324,9677,12000,Naver
2025-06-30,402340,110400,199800,109100,183000,Naver
2025-06-30,443060,178300,215000,173500,205500,Naver
2025-06-30,454910,47250,70900,46700,66100,Naver
2025-06-30,488770,101505,101712,101505,101712,Naver
2025-06-30,950160,40600,49650,36250,41100,Naver
2025-07-31,000150,660000,694000,531000,601000,Naver
2025-07-31,000270,97000,113200,97000,102300,Naver
2025-07-31,000660,291000,306500,254500,273500,Naver
2025-07-31,000720,79000,83900,63400,67500,Naver
2025-07-31,000810,438500,526000,429000,440500,Naver
2025-07-31,000880,100900,113500,81200,99800,Naver
2025-07-31,001440,17470,18090,15200,15730,Naver
2025-07-31,003230,1413000,1535000,1258000,1442000,Naver
2025-07-31,003490,22900,26750,22850,23700,Naver
2025-07-31,003550,81400,85900,77500,79200,Naver
2025-07-31,003670,126600,163300,122400,142500,Naver
2025-07-31,005380,204000,233000,203500,213000,Naver
2025-07-31,005387,159400,176800,158400,165200,Naver
2025-07-31,005490,264000,342000,263000,308500,Naver
2025-07-31,005830,124400,148300,121400,128000,Naver
2025-07-31,005930,60400,74000,59800,71400,Naver
2025-07-31,005935,49950,59600,49800,57600,Naver
2025-07-31,005940,20200,23500,19500,20200,Naver
2025-07-31,006260,206500,220000,168500,173300,Naver
2025-07-31,006400,173400,212500,169700,201000,Naver
2025-07-31,006800,22004,22950,18489,19007,Naver
2025-07-31,007660,52000,66400,47600,65000,Naver
2025-07-31,009150,136000,156700,132500,148700,Naver
2025-07-31,009540,366000,373000,304500,359000,Naver
2025-07-31,010120,60400,63300,51400,62100,Naver
2025-07-31,010130,821000,889000,785000,800000,Naver
2025-07-31,010140,16880,19780,15610,19040,Naver
2025-07-31,010950,60100,64500,59300,62700,Naver
2025-07-31,011070,148900,164400,146800,156500,Naver
2025-07-31,011200,22850,26250,22800,23450,Naver
2025-07-31,012330,287500,318000,284500,294500,Naver
2025-07-31,012450,853000,1035000,760000,996000,Naver
2025-07-31,015760,38800,41000,34800,38550,Naver
2025-07-31,016360,73900,80900,68700,70800,Naver
2025-07-31,017670,57000,58100,52800,56100,Naver
2025-07-31,018260,169900,195500,155000,159700,Naver
2025-07-31,024110,18430,22400,18180,19420,Naver
2025-07-31,028050,22500,26900,22250,26500,Naver
2025-07-31,028260,163200,188900,159500,168500,Naver
2025-07-31,030200,55800,59200,53800,55200,Naver
2025-07-31,032830,129500,146800,121100,125900,Naver
2025-07-31,033780,127600,144000,126200,130700,Naver
2025-07-31,034020,67800,69300,58600,65600,Naver
2025-07-31,034220,9050,10910,8960,10840,Naver
2025-07-31,034730,214500,241500,192600,203000,Naver
2025-07-31,035420,264000,269000,225000,235000,Naver
2025-07-31,035720,59900,63400,53500,58000,Naver
2025-07-31,036930,31000,31950,27200,27250,Naver
2025-07-31,039490,230000,244000,205000,215500,Naver
2025-07-31,042660,80300,114900,71500,112300,Naver
2025-07-31,042700,100800,101800,82700,91900,Naver
2025-07-31,047040,4195,4370,3705,3750,Naver
2025-07-31,047050,50400,57500,48100,48800,Naver
2025-07-31,047810,89700,104400,83100,94500,Naver
2025-07-31,051910,213000,322500,212000,301500,Naver
2025-07-31,055550,62000,73500,60800,68000,Naver
2025-07-31,064350,197900,216500,173200,202000,Naver
2025-07-31,064400,77000,85200,68300,70300,Naver
2025-07-31,066570,74300,80900,73000,77400,Naver
2025-07-31,068270,152220,179957,152220,170521,Naver
2025-07-31,069500,41576,44374,40797,43770,Naver
2025-07-31,071050,141800,164000,127500,143000,Naver
2025-07-31,079550,553000,644000,479000,628000,Naver
2025-07-31,086280,135800,151900,133700,147500,Naver
2025-07-31,086520,45250,52800,44500,49300,Naver
2025-07-31,086790,87400,97100,83400,85400,Naver
2025-07-31,096770,121700,128000,107300,107900,Naver
2025-07-31,102110,41594,44325,40746,43709,Naver
2025-07-31,105560,109800,126600,109200,110900,Naver
2025-07-31,122630,23400,26500,22460,25765,Naver
2025-07-31,133690,135497,146126,134799,145188,Naver
2025-07-31,138040,113300,123600,112400,115800,Naver
2025-07-31,161390,39950,48500,39950,44450,Naver
2025-07-31,180640,118400,130000,108000,109200,Naver
2025-07-31,196170,374000,508000,371000,454000,Naver
2025-07-31,207940,1462914,1663071,1462914,1570351,Naver
2025-07-31,247540,100700,118300,99700,111100,Naver
2025-07-31,259960,363500,372000,309000,328500,Naver
2025-07-31,267250,133500,152700,117600,142600,Naver
2025-07-31,267260,508000,520000,418000,501000,Naver
2025-07-31,272210,59200,62000,50300,59400,Naver
2025-07-31,277810,282000,286500,261000,277000,Naver
2025-07-31,278470,156100,188500,133900,183700,Naver
2025-07-31,278530,14970,15940,14650,15710,Naver
2025-07-31,298040,906000,1356000,860000,1226000,Naver
2025-07-31,307950,172100,174600,151500,154100,Naver
2025-07-31,316140,22800,27100,22050,24700,Naver
2025-07-31,323410,30100,34800,27900,28100,Naver
2025-07-31,329180,428500,513000,370000,490500,Naver
2025-07-31,352820,311000,323000,246000,259500,Naver
2025-07-31,360750,20677,22146,20647,22008,Naver
2025-07-31,373220,296500,403000,291500,382500,Naver
2025-07-31,379800,18905,20231,18866,20098,Naver
2025-07-31,379810,20309,21894,20195,21759,Naver
2025-07-31,396500,11940,12314,11440,12100,Naver
2025-07-31,402340,188500,202500,145400,152100,Naver
2025-07-31,443060,207000,216000,174600,204500,Naver
2025-07-31,454910,67300,67300,58700,60400,Naver
2025-07-31,488770,101717,101948,101712,101948,Naver
2025-07-31,950160,41100,45500,37150,38300,Naver
2025-08-29,000150,591000,631000,468000,560000,Naver
2025-08-29,000270,101300,107800,100500,105800,Naver
2025-08-29,000660,266000,279000,245000,269000,Naver
2025-08-29,000720,66900,71700,54350,62100,Naver
2025-08-29,000810,432000,458000,412000,444000,Naver
2025-08-29,000880,100000,100700,74100,83800,Naver
2025-08-29,001440,16120,17860,15010,15670,Naver
2025-08-29,003230,1420000,1642000,1335000,1566000,Naver
2025-08-29,003490,23500,25750,22950,23750,Naver
2025-08-29,003550,78200,78700,71500,74500,Naver
2025-08-29,003670,140600,164900,135600,141300,Naver
2025-08-29,005380,211000,225000,207000,220000,Naver
2025-08-29,005387,164500,173000,161300,170000,Naver
2025-08-29,005490,302500,311750,283500,285500,Naver
2025-08-29,005830,125200,134700,121700,131900,Naver
2025-08-29,005930,70200,72400,68300,69700,Naver
2025-08-29,005935,56900,59000,55500,56600,Naver
2025-08-29,005940,19900,19990,18340,19430,Naver
2025-08-29,006260,170200,179400,148600,177600,Naver
2025-08-29,006400,196400,234000,189500,207000,Naver
2025-08-29,006800,18599,19395,17026,19067,Naver
2025-08-29,007660,63500,68000,53600,66600,Naver
2025-08-29,009150,146600,164400,142600,160500,Naver
2025-08-29,009540,361500,415500,329000,406500,Naver
2025-08-29,010120,61100,66800,50600,56900,Naver
2025-08-29,010130,793000,857000,745000,821000,Naver
2025-08-29,010140,19060,22000,18000,21300,Naver
2025-08-29,010950,61700,63400,59300,60300,Naver
2025-08-29,011070,156600,171200,150700,169100,Naver
2025-08-29,011200,23400,24500,21450,22100,Naver
2025-08-29,012330,289500,322500,279000,318500,Naver
2025-08-29,012450,987000,989000,801000,884000,Naver
2025-08-29,015760,37850,42450,34100,36350,Naver
2025-08-29,016360,69200,72100,65200,68800,Naver
2025-08-29,017670,55700,57200,54200,54200,Naver
2025-08-29,018260,157300,158000,144900,147300,Naver
2025-08-29,024110,19200,19710,18500,19020,Naver
2025-08-29,028050,26050,30200,25000,29100,Naver
2025-08-29,028260,166300,171900,155300,167800,Naver
2025-08-29,030200,54500,56200,53200,54100,Naver
2025-08-29,032830,124100,146000,117000,143100,Naver
2025-08-29,033780,128300,149400,128100,134700,Naver
2025-08-29,034020,64900,70600,51100,61700,Naver
2025-08-29,034220,10670,13290,10360,12000,Naver
2025-08-29,034730,199600,209500,176900,207000,Naver
2025-08-29,035420,232500,241500,214000,214500,Naver
2025-08-29,035720,57200,67800,53300,62500,Naver
2025-08-29,036930,27550,28600,26050,27400,Naver
2025-08-29,039490,210500,217500,190500,205500,Naver
2025-08-29,042660,116200,119400,99100,112000,Naver
2025-08-29,042700,89700,93500,86000,87000,Naver
2025-08-29,047040,3715,4440,3540,3720,Naver
2025-08-29,047050,48900,54300,46800,48000,Naver
2025-08-29,047810,94000,96700,85100,95200,Naver
2025-08-29,051910,294500,307000,269500,277500,Naver
2025-08-29,055550,66800,71200,64700,65300,Naver
2025-08-29,064350,199200,207500,165000,192100,Naver
2025-08-29,064400,69800,73600,66000,68000,Naver
2025-08-29,066570,76800,78900,73600,73900,Naver
2025-08-29,068270,167757,170616,159750,159750,Naver
2025-08-29,069500,43138,43865,41688,43048,Naver
2025-08-29,071050,140000,148900,121800,134400,Naver
2025-08-29,079550,621000,625000,461000,489500,Naver
2025-08-29,086280,146100,191200,144400,184400,Naver
2025-08-29,086520,48750,59400,47450,50600,Naver
2025-08-29,086790,84400,87000,80600,82200,Naver
2025-08-29,096770,107000,109900,99700,100900,Naver
2025-08-29,102110,43046,43802,41644,42976,Naver
2025-08-29,105560,107800,116900,105800,108200,Naver
2025-08-29,122630,25025,25765,23260,24765,Naver
2025-08-29,133690,143009,146235,139623,145627,Naver
2025-08-29,138040,114700,131000,110000,126500,Naver
2025-08-29,161390,43850,45950,38300,40150,Naver
2025-08-29,180640,107900,125500,104300,111800,Naver
2025-08-29,196170,439000,454500,403500,438500,Naver
2025-08-29,207940,1555633,1574766,1471744,1473216,Naver
2025-08-29,247540,109500,142000,106200,121200,Naver
2025-08-29,259960,323000,344000,309000,327500,Naver
2025-08-29,267250,140600,140700,123200,137100,Naver
2025-08-29,267260,496000,517000,433500,492500,Naver
2025-08-29,272210,61400,61500,47550,50900,Naver
2025-08-29,277810,272000,294500,249500,273500,Naver
2025-08-29,278470,179800,239000,167800,227000,Naver
2025-08-29,278530,15575,15800,14975,15455,Naver
2025-08-29,298040,1207000,1314000,1073000,1240000,Naver
2025-08-29,307950,151300,176000,146100,175600,Naver
2025-08-29,316140,24300,25550,23400,24800,Naver
2025-08-29,323410,27750,29050,24650,24650,Naver
2025-08-29,329180,496500,535000,430500,520000,Naver
2025-08-29,352820,255500,306000,248500,287000,Naver
2025-08-29,360750,21813,22331,21350,22316,Naver
2025-08-29,373220,382500,399500,351500,352000,Naver
2025-08-29,379800,19925,20400,19509,20390,Naver
2025-08-29,379810,21426,21914,20933,21819,Naver
2025-08-29,396500,11890,12344,11425,11790,Naver
2025-08-29,402340,149100,153700,130900,149000,Naver
2025-08-29,443060,202000,217500,181300,213000,Naver
2025-08-29,454910,59500,66000,57400,62500,Naver
2025-08-29,488770,101968,102180,101968,102180,Naver
2025-08-29,950160,37500,41050,35800,37050,Naver
2025-09-30,000150,548000,659000,522000,541000,Naver
2025-09-30,000270,106800,107900,100000,100700,Naver
2025-09-30,000660,259500,364000,255000,347500,Naver
2025-09-30,000720,61200,62700,54100,54400,Naver
2025-09-30,000810,447500,476500,444000,451500,Naver
2025-09-30,000880,83100,96900,81900,84600,Naver
2025-09-30,001440,15590,16750,14740,15520,Naver
2025-09-30,003230,1584000,1665000,1430000,1529000,Naver
2025-09-30,003490,23650,24050,22550,22750,Naver
2025-09-30,003550,75400,78000,71700,72000,Naver
2025-09-30,003670,140300,147900,128100,143500,Naver
2025-09-30,005380,220500,224000,212000,215000,Naver
2025-09-30,005387,170000,175700,164500,166500,Naver
2025-09-30,005490,283500,288500,271500,276000,Naver
2025-09-30,005830,133400,147000,131500,138500,Naver
2025-09-30,005930,68400,86200,67500,83900,Naver
2025-09-30,005935,55800,68500,55100,66400,Naver
2025-09-30,005940,19330,21900,19010,19420,Naver
2025-09-30,006260,175300,193500,161200,167000,Naver
2025-09-30,006400,202500,211500,196800,205000,Naver
2025-09-30,006800,19027,23547,18290,21257,Naver
2025-09-30,007660,64700,79900,62200,71300,Naver
2025-09-30,009150,158800,209500,158000,193500,Naver
2025-09-30,009540,411500,438000,390000,411000,Naver
2025-09-30,010120,56100,64000,53800,56900,Naver
2025-09-30,010130,822000,1104000,807000,921000,Naver
2025-09-30,010140,21650,22800,20550,21900,Naver
2025-09-30,010950,60500,64800,57600,62400,Naver
2025-09-30,011070,167100,200000,159800,187800,Naver
2025-09-30,011200,22400,24650,19990,20050,Naver
2025-09-30,012330,320000,327000,292500,298500,Naver
2025-09-30,012450,895000,1127000,893000,1107000,Naver
2025-09-30,015760,36250,39050,35200,36050,Naver
2025-09-30,016360,68300,77500,67400,71700,Naver
2025-09-30,017670,54300,55700,54000,54300,Naver
2025-09-30,018260,147300,172100,143700,164200,Naver
2025-09-30,024110,19120,20150,18830,19460,Naver
2025-09-30,028050,28950,29500,26700,26800,Naver
2025-09-30,028260,167300,203500,165000,184600,Naver
2025-09-30,030200,53800,53900,49650,50500,Naver
2025-09-30,032830,143200,167900,141500,156600,Naver
2025-09-30,033780,136000,147400,129700,133600,Naver
2025-09-30,034020,60800,67000,58400,62700,Naver
2025-09-30,034220,11890,14660,11570,14410,Naver
2025-09-30,034730,204000,241500,200500,210000,Naver
2025-09-30,035420,211500,279500,210500,268500,Naver
2025-09-30,035720,60600,68500,57400,59600,Naver
2025-09-30,036930,27300,33050,26200,30900,Naver
2025-09-30,039490,204500,282500,198700,245000,Naver
2025-09-30,042660,112600,123800,105100,110300,Naver
2025-09-30,042700,85000,97500,81400,96500,Naver
2025-09-30,047040,3720,3880,3550,3580,Naver
2025-09-30,047050,48200,51700,46950,48450,Naver
2025-09-30,047810,95400,118800,93300,108000,Naver
2025-09-30,051910,275000,306500,264500,278000,Naver
2025-09-30,055550,65500,71500,63600,70800,Naver
2025-09-30,064350,195300,233500,189200,219000,Naver
2025-09-30,064400,67500,73500,64200,65700,Naver
2025-09-30,066570,73900,83800,72000,75600,Naver
2025-09-30,068270,160322,176717,159178,165279,Naver
2025-09-30,069500,42660,48355,42221,47468,Naver
2025-09-30,071050,133000,163300,127000,145000,Naver
2025-09-30,079550,496000,544000,470500,513000,Naver
2025-09-30,086280,187500,191700,164650,165400,Naver
2025-09-30,086520,50200,51200,47450,47450,Naver
2025-09-30,086790,83000,92200,80500,87200,Naver
2025-09-30,096770,100100,110400,99700,100500,Naver
2025-09-30,102110,42574,48314,42162,47399,Naver
2025-09-30,105560,109400,121500,105800,115500,Naver
2025-09-30,122630,24315,31160,23830,29930,Naver
2025-09-30,133690,144400,153106,143413,152913,Naver
2025-09-30,138040,128000,129000,112200,113500,Naver
2025-09-30,161390,40500,40950,37650,38350,Naver
2025-09-30,180640,111900,120700,98400,100500,Naver
2025-09-30,196170,452000,529000,445000,458000,Naver
2025-09-30,207940,1474687,1564464,1445253,1467329,Naver
2025-09-30,247540,119900,124700,112900,113000,Naver
2025-09-30,259960,329500,337000,291000,292500,Naver
2025-09-30,267250,136600,164700,134700,155400,Naver
2025-09-30,267260,492500,624000,484000,582000,Naver
2025-09-30,272210,51700,61900,50900,59500,Naver
2025-09-30,277810,279000,338500,266500,309000,Naver
2025-09-30,278470,225500,257500,208000,250000,Naver
2025-09-30,278530,15330,17355,15165,17045,Naver
2025-09-30,298040,1235000,1498000,1185000,1340000,Naver
2025-09-30,307950,174300,179000,149800,152700,Naver
2025-09-30,316140,24900,26950,23750,25950,Naver
2025-09-30,323410,24300,25450,23450,23750,Naver
2025-09-30,329180,520000,532000,482000,515000,Naver
2025-09-30,352820,286500,298000,263500,266000,Naver
2025-09-30,360750,22251,23162,22081,23117,Naver
2025-09-30,373220,352000,365500,336500,347500,Naver
2025-09-30,379800,20321,21162,20172,21113,Naver
2025-09-30,379810,21635,22938,21486,22918,Naver
2025-09-30,396500,11490,14683,11275,14388,Naver
2025-09-30,402340,145000,225000,141500,201500,Naver
2025-09-30,443060,213000,227500,200000,210000,Naver
2025-09-30,454910,63300,75300,60300,65900,Naver
2025-09-30,488770,102185,102407,102185,102407,Naver
2025-09-30,950160,36700,52400,36150,47850,Naver
2025-10-31,000150,550000,991000,548000,949000,Naver
2025-10-31,000270,100500,126200,100100,119900,Naver
2025-10-31,000660,351000,579000,351000,559000,Naver
2025-10-31,000720,54500,76400,54400,70300,Naver
2025-10-31,000810,457000,463000,436500,441500,Naver
2025-10-31,000880,85000,108900,79700,95600,Naver
2025-10-31,001440,15700,25400,15380,24200,Naver
2025-10-31,003230,1543000,1587000,1230000,1348000,Naver
2025-10-31,003490,22750,23050,21900,22150,Naver
2025-10-31,003550,71900,85000,70100,80300,Naver
2025-10-31,003670,145100,260000,140700,216500,Naver
2025-10-31,005380,215500,294000,214000,290000,Naver
2025-10-31,005387,166500,224500,166200,220000,Naver
2025-10-31,005490,277000,331500,258500,310500,Naver
2025-10-31,005830,138000,138500,125800,126800,Naver
2025-10-31,005930,84900,108600,84700,107500,Naver
2025-10-31,005935,67000,84900,66800,84400,Naver
2025-10-31,005940,19510,21600,18890,20350,Naver
2025-10-31,006260,168500,224500,165500,209000,Naver
2025-10-31,006400,206000,349500,201500,322000,Naver
2025-10-31,006800,21357,27231,20311,26186,Naver
2025-10-31,007660,71900,118500,71300,113900,Naver
2025-10-31,009150,195800,248000,190800,245000,Naver
2025-10-31,009540,414500,484000,403500,474000,Naver
2025-10-31,010120,57400,90800,57000,87000,Naver
2025-10-31,010130,930000,1580000,914000,1033000,Naver
2025-10-31,010140,22000,32500,20850,29550,Naver
2025-10-31,010950,62500,77300,61100,71800,Naver
2025-10-31,011070,188000,248500,182600,241000,Naver
2025-10-31,011200,20050,21600,19470,20550,Naver
2025-10-31,012330,298500,322000,285500,316000,Naver
2025-10-31,012450,1100000,1118000,912000,979000,Naver
2025-10-31,015760,36050,45800,34700,42550,Naver
2025-10-31,016360,71700,80700,70700,77300,Naver
2025-10-31,017670,54400,54800,51400,52300,Naver
2025-10-31,018260,164800,189400,163200,183000,Naver
2025-10-31,024110,19500,19750,18660,19330,Naver
2025-10-31,028050,26850,30650,25750,25950,Naver
2025-10-31,028260,185600,233000,185500,226000,Naver
2025-10-31,030200,50700,51600,48600,49150,Naver
2025-10-31,032830,156700,170400,151200,154300,Naver
2025-10-31,033780,135700,140700,132300,134200,Naver
2025-10-31,034020,62700,97400,62700,88700,Naver
2025-10-31,034220,14510,15620,13500,14700,Naver
2025-10-31,034730,211000,256000,206000,248500,Naver
2025-10-31,035420,267000,275000,242000,267500,Naver
2025-10-31,035720,59800,69700,56900,65100,Naver
2025-10-31,036930,31050,33150,29800,30700,Naver
2025-10-31,039490,247000,322500,237500,297000,Naver
2025-10-31,042660,110200,151600,99600,137600,Naver
2025-10-31,042700,97500,159200,94300,143700,Naver
2025-10-31,047040,3590,4000,3555,3750,Naver
2025-10-31,047050,48600,62900,47650,55000,Naver
2025-10-31,047810,108000,108600,95100,103400,Naver
2025-10-31,051910,279000,423500,271500,397500,Naver
2025-10-31,055550,70500,77300,68100,73300,Naver
2025-10-31,064350,220500,249500,200500,230500,Naver
2025-10-31,064400,66200,67700,61200,66300,Naver
2025-10-31,066570,76100,91900,75000,87600,Naver
2025-10-31,068270,166804,174429,160608,167376,Naver
2025-10-31,069500,47677,58303,47677,58083,Naver
2025-10-31,071050,145000,187400,138100,182300,Naver
2025-10-31,079550,517000,534000,430500,519000,Naver
2025-10-31,086280,165300,194900,157000,188800,Naver
2025-10-31,086520,47650,98700,45550,88000,Naver
2025-10-31,086790,87100,90700,84000,85500,Naver
2025-10-31,096770,100200,138300,99500,128900,Naver
2025-10-31,102110,47692,58236,47663,57957,Naver
2025-10-31,105560,114900,120600,109200,116600,Naver
2025-10-31,122630,30200,44895,30195,44535,Naver
2025-10-31,133690,152942,166605,152423,164250,Naver
2025-10-31,138040,114200,119200,109200,110500,Naver
2025-10-31,161390,38350,47100,38200,46350,Naver
2025-10-31,180640,100600,117500,94600,104700,Naver
2025-10-31,196170,468000,491500,426000,488500,Naver
2025-10-31,207940,1470272,1861756,1470272,1797000,Naver
2025-10-31,247540,113500,180000,109500,160000,Naver
2025-10-31,259960,295000,303500,271000,276000,Naver
2025-10-31,267250,155400,237000,149100,205000,Naver
2025-10-31,267260,592000,918000,590000,870000,Naver
2025-10-31,272210,59900,65900,51000,59900,Naver
2025-10-31,277810,307000,453500,302000,436500,Naver
2025-10-31,278470,253000,265000,228000,255000,Naver
2025-10-31,278530,17090,20950,17090,20860,Naver
2025-10-31,298040,1361000,2179000,1354000,2135000,Naver
2025-10-31,307950,153700,209000,147600,203500,Naver
2025-10-31,316140,26050,26600,24650,25400,Naver
2025-10-31,323410,23800,24250,22150,23150,Naver
2025-10-31,329180,515000,640000,489500,600000,Naver
2025-10-31,352820,269000,345000,265000,341000,Naver
2025-10-31,360750,23157,24524,23082,24216,Naver
2025-10-31,373220,349000,527000,341000,473000,Naver
2025-10-31,379800,21157,22404,21083,22122,Naver
2025-10-31,379810,22928,24838,22833,24605,Naver
2025-10-31,396500,14473,18795,14468,18795,Naver
2025-10-31,402340,203000,297500,201000,260000,Naver
2025-10-31,443060,210000,257000,209500,240500,Naver
2025-10-31,454910,65600,81200,63700,78000,Naver
2025-10-31,488770,102412,102658,102412,102658,Naver
2025-10-31,950160,47750,47850,42600,44800,Naver
2025-11-28,000150,952000,1082000,802000,876000,Naver
2025-11-28,000270,120700,121100,108900,114100,Naver
2025-11-28,000660,557000,646000,501000,530000,Naver
2025-11-28,000720,69000,69200,58700,67000,Naver
2025-11-28,000810,438000,528000,437500,481500,Naver
2025-11-28,000880,96900,99500,77700,79400,Naver
2025-11-28,001440,25200,28650,21550,22200,Naver
2025-11-28,003230,1328000,1461000,1250000,1445000,Naver
2025-11-28,003490,22300,22350,21000,21850,Naver
2025-11-28,003550,80800,89000,77700,78800,Naver
2025-11-28,003670,223500,228500,185800,206500,Naver
2025-11-28,005380,297500,298000,254500,261500,Naver
2025-11-28,005387,224500,226500,192300,194700,Naver
2025-11-28,005490,312000,329500,295000,309500,Naver
2025-11-28,005830,125600,148000,118100,124500,Naver
2025-11-28,005930,106900,112400,94500,100500,Naver
2025-11-28,005935,83000,87500,71000,75000,Naver
2025-11-28,005940,20500,22800,19610,20650,Naver
2025-11-28,006260,215000,235000,175100,178900,Naver
2025-11-28,006400,328500,354500,280500,299500,Naver
2025-11-28,006800,26684,27680,20610,21755,Naver
2025-11-28,007660,113900,149300,98800,144000,Naver
2025-11-28,009150,242000,259250,201000,251000,Naver
2025-11-28,009540,476500,494500,398500,410000,Naver
2025-11-28,010120,89800,107800,84100,92000,Naver
2025-11-28,010130,1037000,1383000,982000,1342000,Naver
2025-11-28,010140,29900,30200,24250,24600,Naver
2025-11-28,010950,72700,90600,70700,76700,Naver
2025-11-28,011070,244000,259500,223000,237000,Naver
2025-11-28,011200,20450,20500,18660,19140,Naver
2025-11-28,012330,313000,315000,283000,309500,Naver
2025-11-28,012450,987000,1056000,813000,852000,Naver
2025-11-28,015760,43100,54100,41800,52500,Naver
2025-11-28,016360,77600,84400,71300,78800,Naver
2025-11-28,017670,52900,54400,51800,53500,Naver
2025-11-28,018260,189100,195000,161000,168500,Naver
2025-11-28,024110,19230,21050,19030,20550,Naver
2025-11-28,028050,26150,26750,24900,25550,Naver
2025-11-28,028260,225500,240500,208500,225000,Naver
2025-11-28,030200,49500,50700,48100,50400,Naver
2025-11-28,032830,154300,169500,144000,152900,Naver
2025-11-28,033780,133500,146800,132100,145500,Naver
2025-11-28,034020,89500,91900,71700,76400,Naver
2025-11-28,034220,14940,15130,11900,12540,Naver
2025-11-28,034730,249000,285000,230500,265500,Naver
2025-11-28,035420,283500,287500,243000,244000,Naver
2025-11-28,035720,66600,66900,56600,58700,Naver
2025-11-28,036930,30850,32550,26350,27350,Naver
2025-11-28,039490,297500,312500,258500,273000,Naver
2025-11-28,042660,141100,144000,107100,107800,Naver
2025-11-28,042700,141900,148900,113400,123600,Naver
2025-11-28,047040,3690,3690,3320,3520,Naver
2025-11-28,047050,55600,56900,50800,53600,Naver
2025-11-28,047810,103600,116500,95100,108900,Naver
2025-11-28,051910,399000,428500,355000,374000,Naver
2025-11-28,055550,72600,83900,72500,78000,Naver
2025-11-28,064350,231000,248000,165400,175700,Naver
2025-11-28,064400,67900,70700,54100,58000,Naver
2025-11-28,066570,88700,96200,83400,85600,Naver
2025-11-28,068270,167757,193969,163086,176907,Naver
2025-11-28,069500,58223,59946,53868,55591,Naver
2025-11-28,071050,182600,186900,150000,160400,Naver
2025-11-28,079550,517000,537000,372000,383000,Naver
2025-11-28,086280,186600,186600,156100,164400,Naver
2025-11-28,086520,91400,102400,74100,84500,Naver
2025-11-28,086790,85100,101100,84500,93300,Naver
2025-11-28,096770,130100,130400,109900,115000,Naver
2025-11-28,102110,58067,59892,53818,55578,Naver
2025-11-28,105560,115700,140000,115600,124800,Naver
2025-11-28,122630,44700,47415,37815,40225,Naver
2025-11-28,133690,164190,167091,156271,164775,Naver
2025-11-28,138040,111100,124200,107300,108600,Naver
2025-11-28,161390,46350,62500,44200,61500,Naver
2025-11-28,180640,103500,108900,93100,102400,Naver
2025-11-28,196170,492500,569000,486000,533000,Naver
2025-11-28,207940,1797000,1841000,1586000,1607000,Naver
2025-11-28,247540,163600,170900,134200,149900,Naver
2025-11-28,259960,279500,287500,245500,257500,Naver
2025-11-28,267250,211000,230000,194000,196500,Naver
2025-11-28,267260,892000,976000,744000,775000,Naver
2025-11-28,272210,61500,61700,45200,46200,Naver
2025-11-28,277810,437000,509000,357000,435000,Naver
2025-11-28,278470,260000,279500,204000,255500,Naver
2025-11-28,278530,20920,21545,19360,20015,Naver
2025-11-28,298040,2311000,2483000,1870000,1901000,Naver
2025-11-28,307950,230000,238000,180700,202000,Naver
2025-11-28,316140,25400,27650,25200,26550,Naver
2025-11-28,323410,23150,23350,21000,21650,Naver
2025-11-28,329180,616000,635000,496500,535000,Naver
2025-11-28,352820,350500,351000,277000,299500,Naver
2025-11-28,360750,24241,25044,23842,24894,Naver
2025-11-28,373220,480000,495000,408000,408000,Naver
2025-11-28,379800,22147,22883,21784,22769,Naver
2025-11-28,379810,24605,25034,23453,24685,Naver
2025-11-28,396500,18710,19745,16760,17930,Naver
2025-11-28,402340,259500,327000,241000,298000,Naver
2025-11-28,443060,241500,250000,184500,186100,Naver
2025-11-28,454910,81200,95500,69100,77500,Naver
2025-11-28,488770,102658,102821,102658,102821,Naver
2025-11-28,950160,44900,88400,43600,85400,Naver
2025-12-30,000150,883000,939000,734000,781000,Naver
2025-12-30,000270,113900,127250,111000,121800,Naver
2025-12-30,000660,542000,659000,525000,651000,Naver
2025-12-30,000720,67500,78500,63400,70100,Naver
2025-12-30,000810,486000,630000,482000,497000,Naver
2025-12-30,000880,80400,87100,77800,81600,Naver
2025-12-30,001440,22450,24650,21350,22900,Naver
2025-12-30,003230,1435000,1440000,1177000,1231000,Naver
2025-12-30,003490,21850,23450,21750,22550,Naver
2025-12-30,003550,79900,86500,78500,80700,Naver
2025-12-30,003670,209500,235000,183100,187000,Naver
2025-12-30,005380,261000,321000,253500,296500,Naver
2025-12-30,005387,194700,221000,190000,212500,Naver
2025-12-30,005490,311000,323000,295000,305000,Naver
2025-12-30,005830,126500,131700,118400,131100,Naver
2025-12-30,005930,102000,121200,99900,119900,Naver
2025-12-30,005935,77100,90400,75100,89200,Naver
2025-12-30,005940,20750,21850,20350,21100,Naver
2025-12-30,006260,181000,210500,172100,199900,Naver
2025-12-30,006400,301500,329000,265000,269500,Naver
2025-12-30,006800,21954,24692,19764,23249,Naver
2025-12-30,007660,145000,156600,117500,119200,Naver
2025-12-30,009150,255000,282500,243500,255000,Naver
2025-12-30,009540,410000,452500,396000,407000,Naver
2025-12-30,010120,94000,106000,87500,92000,Naver
2025-12-30,010130,1355000,1914000,1275000,1316000,Naver
2025-12-30,010140,24750,27350,23700,24100,Naver
2025-12-30,010950,77200,89900,76500,83000,Naver
2025-12-30,011070,238000,299500,231000,271000,Naver
2025-12-30,011200,19470,21100,19460,20500,Naver
2025-12-30,012330,307500,383000,302000,373000,Naver
2025-12-30,012450,842000,964000,791000,941000,Naver
2025-12-30,015760,53200,53800,46700,47200,Naver
2025-12-30,016360,79600,83200,74900,75400,Naver
2025-12-30,017670,53700,54400,52400,53500,Naver
2025-12-30,018260,169600,181100,167400,171500,Naver
2025-12-30,024110,20600,21450,20400,20950,Naver
2025-12-30,028050,25650,26150,23650,24050,Naver
2025-12-30,028260,226500,258500,222000,239500,Naver
2025-12-30,030200,50300,54500,50300,52600,Naver
2025-12-30,032830,153500,169300,150500,157600,Naver
2025-12-30,033780,145600,150500,139000,142100,Naver
2025-12-30,034020,77400,81200,72600,75300,Naver
2025-12-30,034220,12580,13700,11600,11810,Naver
2025-12-30,034730,263500,274500,243000,256500,Naver
2025-12-30,035420,246500,250500,226500,242500,Naver
2025-12-30,035720,58900,62700,55500,60100,Naver
2025-12-30,036930,28100,30850,26650,27700,Naver
2025-12-30,039490,276000,305000,265000,289500,Naver
2025-12-30,042660,108700,130800,103500,113600,Naver
2025-12-30,042700,124600,136200,114700,127400,Naver
2025-12-30,047040,3540,3910,3455,3820,Naver
2025-12-30,047050,54400,56000,49350,49600,Naver
2025-12-30,047810,108500,120900,103400,114400,Naver
2025-12-30,051910,378000,388500,324500,333000,Naver
2025-12-30,055550,78800,82300,74600,76900,Naver
2025-12-30,064350,174400,197100,165300,187900,Naver
2025-12-30,064400,58100,68500,56800,61400,Naver
2025-12-30,066570,85800,102500,85100,91900,Naver
2025-12-30,068270,178146,183103,169854,172523,Naver
2025-12-30,069500,56150,61070,55017,60831,Naver
2025-12-30,071050,161500,169300,154200,161700,Naver
2025-12-30,079550,379500,432500,360000,421000,Naver
2025-12-30,086280,164800,187400,161100,180600,Naver
2025-12-30,086520,86800,121600,86300,90800,Naver
2025-12-30,086790,94500,98000,91000,94100,Naver
2025-12-30,096770,116000,119600,101000,101200,Naver
2025-12-30,102110,56112,61029,54965,60770,Naver
2025-12-30,105560,126400,134300,121400,124700,Naver
2025-12-30,122630,40920,48200,39310,47785,Naver
2025-12-30,133690,165184,167815,156091,162802,Naver
2025-12-30,138040,109100,114700,106800,113100,Naver
2025-12-30,161390,61100,63200,56800,58300,Naver
2025-12-30,180640,103400,140000,100200,124000,Naver
2025-12-30,196170,537000,552000,413500,449500,Naver
2025-12-30,207940,1629000,1830000,1623000,1695000,Naver
2025-12-30,247540,154100,189000,145500,146600,Naver
2025-12-30,259960,259500,260000,240000,246000,Naver
2025-12-30,267250,199100,214500,184000,188500,Naver
2025-12-30,267260,787000,882000,736000,774000,Naver
2025-12-30,272210,46200,62200,44750,54400,Naver
2025-12-30,277810,448000,531000,420500,470500,Naver
2025-12-30,278470,258000,275500,226000,231000,Naver
2025-12-30,278530,20190,21950,19775,21890,Naver
2025-12-30,298040,1909000,2080000,1731000,1781000,Naver
2025-12-30,307950,202500,337000,196300,332000,Naver
2025-12-30,316140,26800,29250,26600,28000,Naver
2025-12-30,323410,21700,22350,20950,21600,Naver
2025-12-30,329180,536000,585000,500000,509000,Naver
2025-12-30,352820,300000,332500,285000,330000,Naver
2025-12-30,360750,24894,25358,24455,24685,Naver
2025-12-30,373220,411500,455000,365500,368500,Naver
2025-12-30,379800,22734,23171,22346,22515,Naver
2025-12-30,379810,24714,25153,24186,24385,Naver
2025-12-30,396500,18190,20260,17490,20110,Naver
2025-12-30,402340,305500,370000,273500,368000,Naver
2025-12-30,443060,187100,204000,179600,193500,Naver
2025-12-30,454910,78600,87400,74000,78000,Naver
2025-12-30,488770,102826,103130,102826,103130,Naver
2025-12-30,950160,85400,88700,70000,79600,Naver
2026-01-30,000150,778000,958000,735000,851000,Naver
2026-01-30,000270,121100,177000,119500,152600,Naver
2026-01-30,000660,651000,931000,647000,909000,Naver
2026-01-30,000720,70100,122000,68400,102600,Naver
2026-01-30,000810,495000,513000,466000,501000,Naver
2026-01-30,000880,82000,138900,80000,114500,Naver
2026-01-30,001440,23050,30450,22550,29400,Naver
2026-01-30,003230,1240000,1303000,1130000,1180000,Naver
2026-01-30,003490,22600,25050,21600,23300,Naver
2026-01-30,003550,81100,94600,78600,91700,Naver
2026-01-30,003670,183300,245500,172500,223500,Naver
2026-01-30,005380,299500,590000,293000,500000,Naver
2026-01-30,005387,212500,332000,211000,271000,Naver
2026-01-30,005490,305500,390000,297000,347500,Naver
2026-01-30,005830,130300,146600,120600,142600,Naver
2026-01-30,005930,120200,166600,120200,160500,Naver
2026-01-30,005935,89200,121100,89200,117400,Naver
2026-01-30,005940,21150,27650,20750,27050,Naver
2026-01-30,006260,199900,248000,196300,229000,Naver
2026-01-30,006400,268000,411500,259000,390000,Naver
2026-01-30,006800,23199,44407,22502,42565,Naver
2026-01-30,007660,119400,130000,103100,117500,Naver
2026-01-30,009150,256500,295500,253000,279000,Naver
2026-01-30,009540,407000,463000,385000,413500,Naver
2026-01-30,010120,93100,116400,90300,113200,Naver
2026-01-30,010130,1326000,2034000,1131000,1884000,Naver
2026-01-30,010140,24200,32000,23700,29450,Naver
2026-01-30,010950,83000,107400,79500,105900,Naver
2026-01-30,011070,272000,297000,243000,245000,Naver
2026-01-30,011200,20600,21150,19580,20000,Naver
2026-01-30,012330,374000,499500,363000,449000,Naver
2026-01-30,012450,953000,1398000,938000,1300000,Naver
2026-01-30,015760,47200,69500,45700,58300,Naver
2026-01-30,016360,75400,93900,74100,90600,Naver
2026-01-30,017670,53500,75100,52600,72500,Naver
2026-01-30,018260,171300,187700,165900,173100,Naver
2026-01-30,024110,20950,22600,20250,22150,Naver
2026-01-30,028050,24050,32350,23150,30800,Naver
2026-01-30,028260,237000,311000,234000,301500,Naver
2026-01-30,030200,52200,57400,51300,56900,Naver
2026-01-30,032830,157400,200000,151300,188300,Naver
2026-01-30,033780,142100,153900,139500,153900,Naver
2026-01-30,034020,75800,98100,74600,90600,Naver
2026-01-30,034220,11830,13140,11470,11670,Naver
2026-01-30,034730,256500,339500,252000,333500,Naver
2026-01-30,035420,243500,292000,237500,275000,Naver
2026-01-30,035720,60100,64200,56500,61400,Naver
2026-01-30,036930,27700,43950,27700,41350,Naver
2026-01-30,039490,289500,454500,282000,443500,Naver
2026-01-30,042660,113700,152400,111500,138500,Naver
2026-01-30,042700,127600,220000,127600,211000,Naver
2026-01-30,047040,3840,5760,3610,4970,Naver
2026-01-30,047050,49000,67300,47300,62400,Naver
2026-01-30,047810,114400,174500,114300,168300,Naver
2026-01-30,051910,331000,369000,307500,310500,Naver
2026-01-30,055550,76600,87000,76000,84300,Naver
2026-01-30,064350,189200,234000,187200,230500,Naver
2026-01-30,064400,61500,76900,59400,69700,Naver
2026-01-30,066570,92200,111600,86600,99100,Naver
2026-01-30,068270,179957,212079,179767,200164,Naver
2026-01-30,069500,60851,78740,60851,77305,Naver
2026-01-30,071050,161700,223000,157300,215500,Naver
2026-01-30,079550,423500,578000,423000,481500,Naver
2026-01-30,086280,180900,296000,176900,242000,Naver
2026-01-30,086520,89900,182700,87000,162500,Naver
2026-01-30,086790,93200,106700,91700,100100,Naver
2026-01-30,096770,101200,120000,99300,112000,Naver
2026-01-30,102110,60874,78690,60830,77160,Naver
2026-01-30,105560,123600,143600,122300,135200,Naver
2026-01-30,122630,48000,79365,47920,76385,Naver
2026-01-30,133690,162802,168724,161509,163585,Naver
2026-01-30,138040,113100,118500,99700,116600,Naver
2026-01-30,161390,58600,72500,55400,63500,Naver
2026-01-30,180640,124100,137300,112000,112900,Naver
2026-01-30,196170,453000,529000,362000,413000,Naver
2026-01-30,207940,1695000,1987000,1671000,1745000,Naver
2026-01-30,247540,145000,260000,139200,232000,Naver
2026-01-30,259960,250000,278500,227500,254000,Naver
2026-01-30,267250,188600,269000,181000,234000,Naver
2026-01-30,267260,774000,947000,763000,889000,Naver
2026-01-30,272210,55100,99800,54400,94200,Naver
2026-01-30,277810,470000,785000,437000,728000,Naver
2026-01-30,278470,233500,293500,210000,270000,Naver
2026-01-30,278530,21890,28325,21885,27795,Naver
2026-01-30,298040,1788000,2671000,1736000,2603000,Naver
2026-01-30,307950,326500,534000,306500,461500,Naver
2026-01-30,316140,28100,31000,27000,30250,Naver
2026-01-30,323410,21700,23900,21050,22900,Naver
2026-01-30,329180,514000,652000,497500,575000,Naver
2026-01-30,352820,340000,395000,319500,374000,Naver
2026-01-30,360750,24535,25522,24480,24675,Naver
2026-01-30,373220,368500,455000,358500,398000,Naver
2026-01-30,379800,22400,23326,22361,22550,Naver
2026-01-30,379810,24241,25283,24191,24495,Naver
2026-01-30,396500,20140,30570,20140,29760,Naver
2026-01-30,402340,368500,581000,364500,570000,Naver
2026-01-30,443060,193600,202000,180500,183400,Naver
2026-01-30,454910,78400,130600,78400,114100,Naver
2026-01-30,488770,103165,103445,103165,103445,Naver
2026-01-30,950160,79600,109300,63200,105000,Naver
2026-02-27,000150,835000,1295000,792000,1278000,Naver
2026-02-27,000270,151600,212500,148200,205500,Naver
2026-02-27,000660,870000,1099000,791000,1061000,Naver
2026-02-27,000720,99600,176900,98000,164700,Naver
2026-02-27,000810,502000,646000,477000,530000,Naver
2026-02-27,000880,113600,144700,107000,136600,Naver
2026-02-27,001440,28700,37350,26350,36000,Naver
2026-02-27,003230,1170000,1305000,1009000,1221000,Naver
2026-02-27,003490,22950,29750,22400,28100,Naver
2026-02-27,003550,91000,107700,87400,107700,Naver
2026-02-27,003670,218500,254000,210000,247000,Naver
2026-02-27,005380,486000,687000,452000,674000,Naver
2026-02-27,005387,267000,330000,238500,323500,Naver
2026-02-27,005490,344000,427500,337500,413000,Naver
2026-02-27,005830,144900,214000,137200,183100,Naver
2026-02-27,005930,155700,223000,150400,216500,Naver
2026-02-27,005935,115000,150000,106800,143800,Naver
2026-02-27,005940,26950,42600,24550,35500,Naver
2026-02-27,006260,218500,299000,196100,284500,Naver
2026-02-27,006400,380000,473500,355500,466000,Naver
2026-02-27,006800,42913,76966,39229,71689,Naver
2026-02-27,007660,114500,131200,100100,127600,Naver
2026-02-27,009150,289000,474000,274000,448500,Naver
2026-02-27,009540,414500,474000,375000,450000,Naver
2026-02-27,010120,110000,164800,104200,157400,Naver
2026-02-27,010130,1710000,2188000,1558000,2030000,Naver
2026-02-27,010140,29000,29850,26500,28950,Naver
2026-02-27,010950,105700,120000,94600,110000,Naver
2026-02-27,011070,239500,353500,226000,319000,Naver
2026-02-27,011200,19980,23900,19390,21350,Naver
2026-02-27,012330,440000,531000,406000,517000,Naver
2026-02-27,012450,1320000,1348000,1097000,1195000,Naver
2026-02-27,015760,57300,65300,56100,58500,Naver
2026-02-27,016360,89300,119400,83500,106800,Naver
2026-02-27,017670,71500,88600,67600,79800,Naver
2026-02-27,018260,172500,196900,160600,195000,Naver
2026-02-27,024110,22200,29550,21500,25750,Naver
2026-02-27,028050,30450,39800,30050,36400,Naver
2026-02-27,028260,300500,364000,276500,350500,Naver
2026-02-27,030200,57300,69400,54300,63800,Naver
2026-02-27,032830,188000,259500,177900,230000,Naver
2026-02-27,033780,155500,181500,151200,163100,Naver
2026-02-27,034020,87800,110200,85200,106300,Naver
2026-02-27,034220,11590,16050,10970,14340,Naver
2026-02-27,034730,325000,424000,297000,401000,Naver
2026-02-27,035420,270000,278500,244000,254500,Naver
2026-02-27,035720,60500,64500,55500,62300,Naver
2026-02-27,036930,42600,58000,40000,56100,Naver
2026-02-27,039490,434000,517000,393000,466000,Naver
2026-02-27,042660,139500,151400,125900,141200,Naver
2026-02-27,042700,205000,332500,180400,323500,Naver
2026-02-27,047040,4825,10850,4760,10140,Naver
2026-02-27,047050,61500,78600,60000,72200,Naver
2026-02-27,047810,165700,198000,147100,191500,Naver
2026-02-27,051910,312000,424000,294000,417500,Naver
2026-02-27,055550,85000,107200,82000,96900,Naver
2026-02-27,064350,227500,242500,189000,230500,Naver
2026-02-27,064400,69000,78300,66200,74500,Naver
2026-02-27,066570,98300,151900,95400,145700,Naver
2026-02-27,068270,197782,239244,192063,227330,Naver
2026-02-27,069500,75680,95720,72105,94120,Naver
2026-02-27,071050,211500,300500,197100,258500,Naver
2026-02-27,079550,477500,530000,399500,509000,Naver
2026-02-27,086280,239500,295000,227000,289500,Naver
2026-02-27,086520,164800,190000,148600,185000,Naver
2026-02-27,086790,101800,133700,100800,121800,Naver
2026-02-27,096770,111800,139500,104800,127700,Naver
2026-02-27,102110,75505,95680,72060,94045,Naver
2026-02-27,105560,137900,172500,132200,159000,Naver
2026-02-27,122630,72905,115010,65600,111280,Naver
2026-02-27,133690,163435,166255,157485,159050,Naver
2026-02-27,138040,115100,149800,114800,127100,Naver
2026-02-27,161390,64000,78400,61000,72900,Naver
2026-02-27,180640,115100,175900,107500,156300,Naver
2026-02-27,196170,398000,419000,352000,407500,Naver
2026-02-27,207940,1745000,1795000,1637000,1778000,Naver
2026-02-27,247540,227000,235500,193300,221500,Naver
2026-02-27,259960,252000,268500,225000,248500,Naver
2026-02-27,267250,232500,302000,221000,292500,Naver
2026-02-27,267260,882000,1116000,806000,1050000,Naver
2026-02-27,272210,92300,125000,91100,113600,Naver
2026-02-27,277810,705000,904000,638000,860000,Naver
2026-02-27,278470,273500,332000,250500,312500,Naver
2026-02-27,278530,27240,34435,25940,33910,Naver
2026-02-27,298040,2492000,2941000,2101000,2823000,Naver
2026-02-27,307950,450000,543000,382000,501000,Naver
2026-02-27,316140,30350,41500,29700,36000,Naver
2026-02-27,323410,22950,29500,21950,27150,Naver
2026-02-27,329180,574000,620000,513000,603000,Naver
2026-02-27,352820,368000,405500,346500,387500,Naver
2026-02-27,360750,24850,25265,24410,24565,Naver
2026-02-27,373220,392500,440000,377000,427000,Naver
2026-02-27,379800,22725,23090,22300,22445,Naver
2026-02-27,379810,24460,24890,23590,23830,Naver
2026-02-27,396500,28610,36570,26385,36090,Naver
2026-02-27,402340,537000,681000,492000,645000,Naver
2026-02-27,443060,181500,188000,158200,184300,Naver
2026-02-27,454910,110400,115600,98000,106500,Naver
2026-02-27,488770,103445,103695,103445,103695,Naver
2026-02-27,950160,102000,111900,87400,107000,Naver
2026-03-31,000150,1270000,1282000,930000,1026000,Naver
2026-03-31,000270,185000,195700,143800,145200,Naver
2026-03-31,000660,1022000,1060000,806000,807000,Naver
2026-03-31,000720,162900,174900,122700,142100,Naver
2026-03-31,000810,535000,544000,419000,440500,Naver
2026-03-31,000880,141000,148500,103400,107100,Naver
2026-03-31,001440,35100,36350,25250,26700,Naver
2026-03-31,003230,1210000,1250000,981000,1200000,Naver
2026-03-31,003490,26100,26600,22000,23550,Naver
2026-03-31,003550,107700,107800,81800,82800,Naver
2026-03-31,003670,242000,252500,184500,203500,Naver
2026-03-31,005380,654000,658000,445000,445500,Naver
2026-03-31,005387,312500,313000,231500,232500,Naver
2026-03-31,005490,403000,404000,318000,332500,Naver
2026-03-31,005830,184500,198900,160000,163800,Naver
2026-03-31,005930,209500,212500,167000,167200,Naver
2026-03-31,005935,135900,149250,112600,114000,Naver
2026-03-31,005940,35000,35800,28550,29600,Naver
2026-03-31,006260,279500,312000,221000,256000,Naver
2026-03-31,006400,453500,454500,348500,408000,Naver
2026-03-31,006800,69498,74178,55758,61600,Naver
2026-03-31,007660,125500,132500,96300,98000,Naver
2026-03-31,009150,430000,488500,350500,407500,Naver
2026-03-31,009540,451000,465500,340500,344000,Naver
2026-03-31,010120,155400,181400,120000,143600,Naver
2026-03-31,010130,2085000,2093000,1395000,1422000,Naver
2026-03-31,010140,29000,31450,23000,24450,Naver
2026-03-31,010950,135100,177100,103600,105300,Naver
2026-03-31,011070,310500,323000,240000,293500,Naver
2026-03-31,011200,24650,24950,19110,19570,Naver
2026-03-31,012330,512000,520000,372000,378000,Naver
2026-03-31,012450,1330000,1655000,1217000,1249000,Naver
2026-03-31,015760,56400,56800,40700,41650,Naver
2026-03-31,016360,103600,105900,86800,92400,Naver
2026-03-31,017670,79800,82100,69000,76400,Naver
2026-03-31,018260,192000,192300,149300,150100,Naver
2026-03-31,024110,25250,25700,21100,21350,Naver
2026-03-31,028050,35150,40700,30650,35700,Naver
2026-03-31,028260,327500,340000,245500,253500,Naver
2026-03-31,030200,63000,65200,54200,60400,Naver
2026-03-31,032830,221000,245500,190500,210500,Naver
2026-03-31,033780,164100,165500,148000,159200,Naver
2026-03-31,034020,104700,112100,79000,91800,Naver
2026-03-31,034220,14200,14580,10800,10850,Naver
2026-03-31,034730,391500,406000,298000,301000,Naver
2026-03-31,035420,250500,252000,200000,201500,Naver
2026-03-31,035720,60900,61400,45500,45800,Naver
2026-03-31,036930,54800,85700,53700,60700,Naver
2026-03-31,039490,454500,475000,366500,410500,Naver
2026-03-31,042660,144700,154800,108500,120200,Naver
2026-03-31,042700,314000,335500,242500,251000,Naver
2026-03-31,047040,9940,19750,7300,15550,Naver
2026-03-31,047050,74600,85900,58700,71500,Naver
2026-03-31,047810,201500,215500,156600,164700,Naver
2026-03-31,051910,402000,407000,288000,299000,Naver
2026-03-31,055550,95900,98800,83700,87700,Naver
2026-03-31,064350,256500,274000,166600,169500,Naver
2026-03-31,064400,72200,72900,55400,55800,Naver
2026-03-31,066570,140100,141300,103600,105600,Naver
2026-03-31,068270,220658,224470,178909,187964,Naver
2026-03-31,069500,92035,92790,75110,75430,Naver
2026-03-31,071050,249500,254000,200500,202500,Naver
2026-03-31,079550,602000,899000,592000,611000,Naver
2026-03-31,086280,283000,283500,204000,207500,Naver
2026-03-31,086520,179000,189400,133500,139500,Naver
2026-03-31,086790,120600,122900,100800,106600,Naver
2026-03-31,096770,140400,141300,105100,108700,Naver
2026-03-31,102110,92200,92760,75115,75375,Naver
2026-03-31,105560,157500,158900,132900,141900,Naver
2026-03-31,122630,106400,108120,66180,66510,Naver
2026-03-31,133690,161185,164320,153650,156955,Naver
2026-03-31,138040,128300,129500,103400,111400,Naver
2026-03-31,161390,72900,72900,52600,54100,Naver
2026-03-31,180640,155600,156400,106000,107800,Naver
2026-03-31,196170,403000,409500,327000,341500,Naver
2026-03-31,207940,1775000,1775000,1480000,1504000,Naver
2026-03-31,247540,215500,224000,165600,192200,Naver
2026-03-31,259960,246000,259500,208500,255000,Naver
2026-03-31,267250,295000,317000,233500,239000,Naver
2026-03-31,267260,1006000,1048000,830000,832000,Naver
2026-03-31,272210,129800,184000,112800,114100,Naver
2026-03-31,277810,846000,934000,516000,521000,Naver
2026-03-31,278470,306500,377000,263000,337000,Naver
2026-03-31,278530,33185,33385,27020,27090,Naver
2026-03-31,298040,2788000,3075000,2220000,2456000,Naver
2026-03-31,307950,490000,493500,357000,358500,Naver
2026-03-31,316140,35850,36300,30300,32050,Naver
2026-03-31,323410,27150,27200,22050,23950,Naver
2026-03-31,329180,609000,630000,460500,465000,Naver
2026-03-31,352820,378500,383000,286000,299000,Naver
2026-03-31,360750,24825,25115,23715,24345,Naver
2026-03-31,373220,414500,418000,346000,394500,Naver
2026-03-31,379800,22725,22955,21675,22215,Naver
2026-03-31,379810,24085,24620,23020,23515,Naver
2026-03-31,396500,34850,36095,28350,28450,Naver
2026-03-31,402340,642000,643000,462500,466500,Naver
2026-03-31,443060,184300,188800,158000,179600,Naver
2026-03-31,454910,102800,105900,78200,79500,Naver
2026-03-31,488770,103700,103950,103700,103950,Naver
2026-03-31,950160,104900,130700,90000,106700,Naver
2026-04-30,000150,1114000,1682000,1009000,1596000,Naver
2026-04-30,000270,152900,164800,145700,151800,Naver
2026-04-30,000660,884000,1328000,818000,1286000,Naver
2026-04-30,000720,152300,198400,146000,161800,Naver
2026-04-30,000810,462000,515000,438500,461000,Naver
2026-04-30,000880,111500,138800,109200,133400,Naver
2026-04-30,001440,28350,59400,27800,56300,Naver
2026-04-30,003230,1226000,1409000,1149000,1341000,Naver
2026-04-30,003490,24400,25775,22800,24550,Naver
2026-04-30,003550,86900,102700,84100,99100,Naver
2026-04-30,003670,211500,268500,204500,252000,Naver
2026-04-30,005380,472000,574000,457000,531000,Naver
2026-04-30,005387,241500,264000,231000,248000,Naver
2026-04-30,005490,344500,482000,337000,462000,Naver
2026-04-30,005830,169600,177400,158700,167600,Naver
2026-04-30,005930,179000,230000,175000,220500,Naver
2026-04-30,005935,121700,167300,117200,158300,Naver
2026-04-30,005940,31050,36450,29300,33650,Naver
2026-04-30,006260,274000,473000,257000,453000,Naver
2026-04-30,006400,425000,723000,413000,695000,Naver
2026-04-30,006800,65000,74100,60800,64800,Naver
2026-04-30,007660,106600,164400,99500,150300,Naver
2026-04-30,009150,435000,877000,410000,832000,Naver
2026-04-30,009540,368500,486000,347500,461500,Naver
2026-04-30,010120,154000,283500,147600,278000,Naver
2026-04-30,010130,1509000,1749000,1449000,1579000,Naver
2026-04-30,010140,25650,35350,25400,32350,Naver
2026-04-30,010950,108500,137500,105400,134500,Naver
2026-04-30,011070,316000,600000,313500,573000,Naver
2026-04-30,011200,20100,21900,19620,20500,Naver
2026-04-30,012330,397000,472000,383500,425000,Naver
2026-04-30,012450,1323000,1570000,1283000,1417000,Naver
2026-04-30,015760,43500,47650,39650,43550,Naver
2026-04-30,016360,97100,115900,92100,107500,Naver
2026-04-30,017670,78500,102600,76700,95100,Naver
2026-04-30,018260,156300,194000,146100,166200,Naver
2026-04-30,024110,22200,22850,21250,22600,Naver
2026-04-30,028050,37300,57800,34750,53100,Naver
2026-04-30,028260,264000,323500,259000,298500,Naver
2026-04-30,030200,61800,65100,59100,60900,Naver
2026-04-30,032830,228000,262500,214000,249500,Naver
2026-04-30,033780,160300,179700,153200,178300,Naver
2026-04-30,034020,97800,131100,92500,127100,Naver
2026-04-30,034220,11300,15840,10740,12260,Naver
2026-04-30,034730,314500,438500,303500,425000,Naver
2026-04-30,035420,208500,227500,194200,211000,Naver
2026-04-30,035720,47200,51200,44000,47300,Naver
2026-04-30,036930,65900,138900,58950,126000,Naver
2026-04-30,039490,439500,489000,396000,398000,Naver
2026-04-30,042660,125400,137500,118700,131800,Naver
2026-04-30,042700,265500,392500,247500,368000,Naver
2026-04-30,047040,16880,40350,16000,35000,Naver
2026-04-30,047050,73300,88000,71300,87300,Naver
2026-04-30,047810,175000,205500,163400,169000,Naver
2026-04-30,051910,314500,411500,298000,397000,Naver
2026-04-30,055550,93900,101400,90800,99900,Naver
2026-04-30,064350,176300,282000,176300,268500,Naver
2026-04-30,064400,58100,69700,55800,65000,Naver
2026-04-30,066570,110700,151700,105000,140900,Naver
2026-04-30,068270,194445,202071,182626,191109,Naver
2026-04-30,069500,79935,102230,77020,99905,Naver
2026-04-30,071050,216500,269000,209000,240000,Naver
2026-04-30,079550,643000,1118000,636000,941000,Naver
2026-04-30,086280,216000,245500,205500,227000,Naver
2026-04-30,086520,148000,166700,139700,152900,Naver
2026-04-30,086790,113400,129300,109100,127900,Naver
2026-04-30,096770,113000,149900,110800,146200,Naver
2026-04-30,102110,80025,102240,77045,99970,Naver
2026-04-30,105560,148000,166500,144500,160500,Naver
2026-04-30,122630,73050,120785,68800,115450,Naver
2026-04-30,133690,159570,180720,158817,177990,Naver
2026-04-30,138040,117100,122700,110800,111700,Naver
2026-04-30,161390,56600,67000,51900,59200,Naver
2026-04-30,180640,113900,122000,106200,112700,Naver
2026-04-30,196170,354000,389500,342000,368500,Naver
2026-04-30,207940,1570000,1660000,1470000,1470000,Naver
2026-04-30,247540,202000,222500,190000,206000,Naver
2026-04-30,259960,262500,295000,230000,265000,Naver
2026-04-30,267250,255500,326000,235000,310500,Naver
2026-04-30,267260,898000,1350000,871000,1252000,Naver
2026-04-30,272210,118600,138900,115700,117300,Naver
2026-04-30,277810,555000,705000,534000,664000,Naver
2026-04-30,278470,346000,469500,316000,424500,Naver
2026-04-30,278530,28720,36970,27715,36165,Naver
2026-04-30,298040,2627000,4170000,2488000,3912000,Naver
2026-04-30,307950,381000,498000,365000,450500,Naver
2026-04-30,316140,33800,36250,31750,33350,Naver
2026-04-30,323410,24850,26050,23200,24350,Naver
2026-04-30,329180,456500,710000,428000,685000,Naver
2026-04-30,352820,306000,306000,243500,263000,Naver
2026-04-30,360750,24515,26415,24440,26160,Naver
2026-04-30,373220,409500,493000,393500,460500,Naver
2026-04-30,379800,22405,24085,22335,23870,Naver
2026-04-30,379810,23910,27045,23795,26645,Naver
2026-04-30,396500,30425,40980,29120,40115,Naver
2026-04-30,402340,508000,877000,460000,841000,Naver
2026-04-30,443060,184400,287000,170000,265500,Naver
2026-04-30,454910,82700,120700,80800,110200,Naver
2026-04-30,488770,103955,104245,103955,104240,Naver
2026-04-30,950160,113000,116700,89600,102000,Naver
2026-05-29,000150,1663000,2012000,1401000,1972000,Naver
2026-05-29,000270,156300,184200,147700,169200,Naver
2026-05-29,000660,1339000,2379000,1333000,2333000,Naver
2026-05-29,000720,163100,175500,130000,147000,Naver
2026-05-29,000810,468500,597000,459000,569000,Naver
2026-05-29,000880,137000,166400,116000,133700,Naver
2026-05-29,001440,59700,75900,44000,45450,Naver
2026-05-29,003230,1390000,1484000,1177000,1205000,Naver
2026-05-29,003490,24900,28400,24350,26800,Naver
2026-05-29,003550,101100,152100,99900,146600,Naver
2026-05-29,003670,260500,299500,211500,245500,Naver
2026-05-29,005380,545000,774500,532000,723000,Naver
2026-05-29,005387,251500,307750,243000,272000,Naver
2026-05-29,005490,486000,542000,405000,423500,Naver
2026-05-29,005830,168300,174500,132500,143100,Naver
2026-05-29,005930,228000,323000,224000,317000,Naver
2026-05-29,005935,163000,207500,162100,202500,Naver
2026-05-29,005940,34350,39350,29350,30200,Naver
2026-05-29,006260,502000,604000,428000,446000,Naver
2026-05-29,006400,715000,717000,548000,688000,Naver
2026-05-29,006800,66500,87800,59000,61400,Naver
2026-05-29,007660,153900,155700,117700,129200,Naver
2026-05-29,009150,859000,2192000,855000,2127000,Naver
2026-05-29,009540,470500,488000,384500,423000,Naver
2026-05-29,010120,286500,335000,230500,241500,Naver
2026-05-29,010130,1600000,1786000,1298000,1373000,Naver
2026-05-29,010140,33000,35350,27200,27950,Naver
2026-05-29,010950,132500,132600,102100,107400,Naver
2026-05-29,011070,589000,1474000,572000,1458000,Naver
2026-05-29,011200,22050,22050,19170,19560,Naver
2026-05-29,012330,431500,795000,427000,768000,Naver
2026-05-29,012450,1440000,1482000,1161000,1173000,Naver
2026-05-29,015760,44800,47200,36200,38900,Naver
2026-05-29,016360,110400,163000,109500,119800,Naver
2026-05-29,017670,96500,111500,91400,100600,Naver
2026-05-29,018260,170100,321500,161600,299000,Naver
2026-05-29,024110,22850,22900,20000,20200,Naver
2026-05-29,028050,53900,67300,45900,52900,Naver
2026-05-29,028260,305500,480000,305000,432500,Naver
2026-05-29,030200,61200,61600,51700,52800,Naver
2026-05-29,032830,256000,391500,251500,388500,Naver
2026-05-29,033780,179700,190000,172900,184700,Naver
2026-05-29,034020,128800,139200,99700,105600,Naver
2026-05-29,034220,12460,16800,11860,16090,Naver
2026-05-29,034730,437500,719000,435000,676000,Naver
2026-05-29,035420,213500,247500,190800,234000,Naver
2026-05-29,035720,47700,47900,38500,41950,Naver
2026-05-29,036930,126600,250000,122000,200000,Naver
2026-05-29,039490,406000,492500,353500,370500,Naver
2026-05-29,042660,133200,139700,107100,123300,Naver
2026-05-29,042700,385000,426000,277000,282000,Naver
2026-05-29,047040,35000,37400,24475,26200,Naver
2026-05-29,047050,88000,91200,61900,63800,Naver
2026-05-29,047810,172500,187400,153000,168300,Naver
2026-05-29,051910,411500,437500,326000,367000,Naver
2026-05-29,055550,101100,101300,91000,93600,Naver
2026-05-29,064350,270000,271500,185600,200500,Naver
2026-05-29,064400,66700,113800,65100,113800,Naver
2026-05-29,066570,146200,293000,140300,293000,Naver
2026-05-29,068270,193016,196828,169663,183865,Naver
2026-05-29,069500,102530,134950,101865,134815,Naver
2026-05-29,071050,248000,297000,220000,237500,Naver
2026-05-29,079550,949000,1000000,801000,801000,Naver
2026-05-29,086280,230500,288500,204500,242500,Naver
2026-05-29,086520,155800,165800,115000,139000,Naver
2026-05-29,086790,131000,131000,112600,115100,Naver
2026-05-29,096770,149500,155400,112100,119200,Naver
2026-05-29,102110,102560,135030,101890,134960,Naver
2026-05-29,105560,161500,164200,146700,150600,Naver
2026-05-29,122630,120860,204445,119800,204400,Naver
2026-05-29,133690,180515,201945,180055,201945,Naver
2026-05-29,138040,113900,117600,100200,102900,Naver
2026-05-29,161390,61800,67900,56400,66800,Naver
2026-05-29,180640,115000,123600,103300,110100,Naver
2026-05-29,196170,378000,405000,321500,369000,Naver
2026-05-29,207940,1485000,1498000,1300000,1363000,Naver
2026-05-29,247540,211500,243500,174900,217000,Naver
2026-05-29,259960,277000,303500,246000,257500,Naver
2026-05-29,267250,321000,333000,251500,277500,Naver
2026-05-29,267260,1280000,1430000,1007000,1053000,Naver
2026-05-29,272210,118200,126000,99700,105000,Naver
2026-05-29,277810,685000,979000,615000,702000,Naver
2026-05-29,278470,435000,473000,374000,395500,Naver
2026-05-29,278530,37070,48750,36850,48515,Naver
2026-05-29,298040,4008000,4742000,3488000,3685000,Naver
2026-05-29,307950,457500,953000,437500,931000,Naver
2026-05-29,316140,33900,33950,29200,29700,Naver
2026-05-29,323410,24700,26050,20850,22400,Naver
2026-05-29,329180,699000,765000,590000,696000,Naver
2026-05-29,352820,270500,270500,212500,220000,Naver
2026-05-29,360750,26395,28300,26200,28300,Naver
2026-05-29,373220,469000,489500,382000,458000,Naver
2026-05-29,379800,24060,25800,23900,25800,Naver
2026-05-29,379810,27020,30250,26945,30250,Naver
2026-05-29,396500,41040,53325,40690,50450,Naver
2026-05-29,402340,909000,1337000,901000,1233000,Naver
2026-05-29,443060,275500,280000,204000,224000,Naver
2026-05-29,454910,112400,138800,93000,106500,Naver
2026-05-29,488770,104255,104490,104255,104490,Naver
2026-05-29,950160,104000,149000,94600,98900,Naver
2026-06-05,000150,2145000,2489000,1605000,1719000,Naver
2026-06-05,000270,170500,174600,154600,160700,Naver
2026-06-05,000660,2299000,2407000,2077000,2108000,Naver
2026-06-05,000720,142500,144100,126600,130600,Naver
2026-06-05,000810,579000,757000,570000,691000,Naver
2026-06-05,000880,132000,139700,116800,124600,Naver
2026-06-05,001440,45450,49450,38900,39900,Naver
2026-06-05,003230,1205000,1257000,1109000,1115000,Naver
2026-06-05,003490,26000,26200,24500,24850,Naver
2026-06-05,003550,158900,185900,116500,123400,Naver
2026-06-05,003670,241000,244500,203000,208000,Naver
2026-06-05,005380,736000,783000,650000,701000,Naver
2026-06-05,005387,275000,309500,251000,261500,Naver
2026-06-05,005490,418000,426000,375000,387500,Naver
2026-06-05,005830,140200,149700,138300,141900,Naver
2026-06-05,005930,319500,370000,319500,332500,Naver
2026-06-05,005935,203500,243500,203000,213000,Naver
2026-06-05,005940,30200,33300,29850,31750,Naver
2026-06-05,006260,453000,487500,393000,407500,Naver
2026-06-05,006400,679000,679000,555000,567000,Naver
2026-06-05,006800,60200,64300,55500,56200,Naver
2026-06-05,007660,130100,144000,116000,121500,Naver
2026-06-05,009150,2021000,2086000,1615000,1784000,Naver
2026-06-05,009540,419000,427500,368000,375500,Naver
2026-06-05,010120,240000,281500,217000,228000,Naver
2026-06-05,010130,1355000,1409000,1223000,1260000,Naver
2026-06-05,010140,27900,30150,26050,27700,Naver
2026-06-05,010950,105600,116900,102500,112300,Naver
2026-06-05,011070,1601000,1788000,1074000,1176000,Naver
2026-06-05,011200,19560,20300,19190,19430,Naver
2026-06-05,012330,770000,822000,665000,702000,Naver
2026-06-05,012450,1173000,1243000,1021000,1038000,Naver
2026-06-05,015760,38700,39600,37300,37900,Naver
2026-06-05,016360,118100,130200,116200,123600,Naver
2026-06-05,017670,103000,139500,100100,106700,Naver
2026-06-05,018260,323000,388500,242500,254250,Naver
2026-06-05,024110,20100,21150,19780,20500,Naver
2026-06-05,028050,50700,51600,46900,48100,Naver
2026-06-05,028260,444000,565000,438000,459000,Naver
2026-06-05,030200,53600,55400,53000,53500,Naver
2026-06-05,032830,387000,485000,383000,414000,Naver
2026-06-05,033780,183300,189900,175600,179000,Naver
2026-06-05,034020,109300,114200,92600,95000,Naver
2026-06-05,034220,17260,17950,14760,15270,Naver
2026-06-05,034730,661000,693000,585000,621500,Naver
2026-06-05,035420,251000,304000,244000,257000,Naver
2026-06-05,035720,43000,48500,39800,40150,Naver
2026-06-05,036930,199400,255000,175000,214500,Naver
2026-06-05,039490,370500,397500,359500,363000,Naver
2026-06-05,042660,126300,130800,109400,112000,Naver
2026-06-05,042700,289500,325000,273000,283000,Naver
2026-06-05,047040,25050,25200,21250,21700,Naver
2026-06-05,047050,62600,65000,56800,58100,Naver
2026-06-05,047810,165400,173500,134200,138500,Naver
2026-06-05,051910,364500,381000,330000,347500,Naver
2026-06-05,055550,93200,109800,91800,106600,Naver
2026-06-05,064350,200000,224500,183000,189000,Naver
2026-06-05,064400,143100,153300,112900,118700,Naver
2026-06-05,066570,375000,438000,294500,308000,Naver
2026-06-05,068270,182436,185390,169900,170700,Naver
2026-06-05,069500,135000,143645,128485,131465,Naver
2026-06-05,071050,237000,271500,234000,246500,Naver
2026-06-05,079550,780000,818000,682000,723000,Naver
2026-06-05,086280,245000,247000,200500,208500,Naver
2026-06-05,086520,136000,138200,119000,119200,Naver
2026-06-05,086790,114400,126400,112500,123000,Naver
2026-06-05,096770,118200,121000,112000,114400,Naver
2026-06-05,102110,135335,143570,128545,131545,Naver
2026-06-05,105560,149100,175700,149100,170800,Naver
2026-06-05,122630,204000,231260,183145,192300,Naver
2026-06-05,133690,203130,206675,202615,205705,Naver
2026-06-05,138040,102500,109000,102300,106900,Naver
2026-06-05,161390,66800,72000,65100,67800,Naver
2026-06-05,180640,110000,125800,106800,115300,Naver
2026-06-05,196170,366500,382500,330000,334500,Naver
2026-06-05,207940,1356000,1408000,1329000,1337000,Naver
2026-06-05,247540,215000,218000,181000,181600,Naver
2026-06-05,259960,257500,268000,238000,258500,Naver
2026-06-05,267250,272000,292000,258000,270000,Naver
2026-06-05,267260,1054000,1112000,931000,955000,Naver
2026-06-05,272210,103100,106850,91000,93400,Naver
2026-06-05,277810,738000,845000,655000,678000,Naver
2026-06-05,278470,396000,429500,375500,389500,Naver
2026-06-05,278530,48815,51960,46450,47525,Naver
2026-06-05,298040,3665000,3970000,3270000,3382000,Naver
2026-06-05,307950,931000,1066000,765000,839000,Naver
2026-06-05,316140,29700,32200,28950,31150,Naver
2026-06-05,323410,22300,23200,21300,22850,Naver
2026-06-05,329180,700000,719000,645000,661000,Naver
2026-06-05,352820,220500,224500,204000,209000,Naver
2026-06-05,360750,28400,29000,28315,28870,Naver
2026-06-05,373220,469500,497500,405500,411000,Naver
2026-06-05,379800,25890,26440,25810,26320,Naver
2026-06-05,379810,30410,30950,30335,30795,Naver
2026-06-05,396500,50415,53335,48505,49405,Naver
2026-06-05,402340,1249000,1392000,1210000,1241000,Naver
2026-06-05,443060,224000,240500,215000,223000,Naver
2026-06-05,454910,123900,170000,123200,142000,Naver
2026-06-05,488770,104500,104555,104495,104555,Naver
2026-06-05,950160,99000,114200,89700,99700,Naver
